{"cameraMode":{"drawMode":0,"name":"Shaded","section":"Shading Mode"},"sceneLighting":true,"audioPlay":false,"sceneViewState":{"showFog":true,"showMaterialUpdate":false,"showSkybox":false,"showFlares":true,"showImageEffects":true,"showParticleSystems":true},"in2DMode":false,"pivot":{"x":286.2723693847656,"y":113.31564331054688,"z":-56.6494140625},"rotation":{"x":0.02431632950901985,"y":0.9701767563819885,"z":-0.21472126245498658,"w":0.10990435630083084},"size":722.5780639648438,"orthographic":false}