{"cameraMode":{"drawMode":0,"name":"Shaded","section":"Shading Mode"},"sceneLighting":true,"audioPlay":false,"sceneViewState":{"showFog":true,"showMaterialUpdate":false,"showSkybox":false,"showFlares":true,"showImageEffects":true,"showParticleSystems":true},"in2DMode":false,"pivot":{"x":382.0,"y":158.27894592285157,"z":1.0226445198059083},"rotation":{"x":-0.022220361977815629,"y":0.8667269945144653,"z":0.0387580506503582,"w":0.49681439995765688},"size":1446.4595947265625,"orthographic":false}